<?xml version='1.0' encoding='utf-8' ?>
<!DOCTYPE document SYSTEM "file:///C:/Xilinx/13.4/ISE_DS/ISE/xbr/data/xmlReportxbr.dtd">
<document><ascFile>TopLevel.rpt</ascFile><devFile>C:/Xilinx/13.4/ISE_DS/ISE/xbr/data/xc2c64a.chp</devFile><mfdFile>TopLevel.mfd</mfdFile><htmlFile logic_legend="logiclegend.htm" logo="coolrunnerII_logo.jpg" pin_legend="pinlegend.htm"/><header date=" 2-10-2022" design="TopLevel" device="XC2C64A" eqnType="1" pkg="VQ44" speed="-5" status="1" statusStr="Successful" swVersion="O.87xd" time="  2:02PM" version="1.0"/><inputs id="Data" userloc="P16"/><pin id="FB1_MC1_PIN38" iostd="LVCMOS18" pinnum="38" signal="Display2_SPECSIG" use="O"/><pin id="FB1_MC2_PIN37" iostd="LVCMOS18" pinnum="37" signal="Display1_SPECSIG" use="O"/><pin id="FB1_MC3_PIN36" iostd="LVCMOS18" pinnum="36" signal="Display0_SPECSIG" use="O"/><pin id="FB1_MC9_PIN34" iostd="LVCMOS18" pinnum="34" signal="Display3_SPECSIG" use="O"/><pin id="FB1_MC10_PIN33" iostd="LVCMOS18" pinnum="33" signal="Display10_SPECSIG" use="O"/><pin id="FB1_MC11_PIN32" iostd="LVCMOS18" pinnum="32" signal="Display9_SPECSIG" use="O"/><pin id="FB1_MC12_PIN31" iostd="LVCMOS18" pinnum="31" signal="Display8_SPECSIG" use="O"/><pin id="FB1_MC13_PIN30" iostd="LVCMOS18" pinnum="30" signal="Display11_SPECSIG" use="O"/><pin id="FB2_MC1_PIN39" iostd="LVCMOS18" pinnum="39" signal="Display7_SPECSIG" use="O"/><pin id="FB2_MC2_PIN40" iostd="LVCMOS18" pinnum="40" signal="Display6_SPECSIG" use="O"/><pin id="FB2_MC5_PIN41" iostd="LVCMOS18" pinnum="41" signal="Display5_SPECSIG" use="O"/><pin id="FB2_MC6_PIN42" iostd="LVCMOS18" pinnum="42" signal="Display4_SPECSIG" use="O"/><pin id="FB2_MC7_PIN43" pinnum="43" signal="UARTReceiverbitsReceived4_SPECSIG" use="b_SPECSIG"/><pin id="FB2_MC8_PIN44" iostd="LVCMOS18" pinnum="44" signal="Display15_SPECSIG" use="O"/><pin id="FB2_MC10_PIN1" iostd="LVCMOS18" pinnum="1" signal="Display14_SPECSIG" use="O"/><pin id="FB2_MC12_PIN2" iostd="LVCMOS18" pinnum="2" signal="Display13_SPECSIG" use="O"/><pin id="FB2_MC13_PIN3" iostd="LVCMOS18" pinnum="3" signal="Display12_SPECSIG" use="O"/><pin id="FB3_MC1_PIN29" pinnum="29"/><pin id="FB3_MC2_PIN28" pinnum="28" signal="received4_SPECSIG" use="b_SPECSIG"/><pin id="FB3_MC3_PIN27" pinnum="27" signal="received3_SPECSIG" use="b_SPECSIG"/><pin id="FB3_MC6_PIN23" pinnum="23" signal="received2_SPECSIG" use="b_SPECSIG"/><pin id="FB3_MC10_PIN22" pinnum="22" signal="received1_SPECSIG" use="b_SPECSIG"/><pin id="FB3_MC11_PIN21" pinnum="21" signal="received0_SPECSIG" use="b_SPECSIG"/><pin id="FB3_MC12_PIN20" pinnum="20" signal="received7_SPECSIG" use="b_SPECSIG"/><pin id="FB3_MC14_PIN19" pinnum="19" signal="received6_SPECSIG" use="b_SPECSIG"/><pin id="FB3_MC15_PIN18" pinnum="18" signal="received5_SPECSIG" use="b_SPECSIG"/><pin id="FB4_MC1_PIN5" pinnum="5"/><pin id="FB4_MC2_PIN6" pinnum="6"/><pin id="FB4_MC7_PIN8" pinnum="8"/><pin id="FB4_MC11_PIN12" pinnum="12"/><pin id="FB4_MC13_PIN13" pinnum="13"/><pin id="FB4_MC14_PIN14" pinnum="14"/><pin id="FB4_MC15_PIN16" iostd="LVCMOS18" iostyle="KPR" pinnum="16" signal="Data" use="I"/><pin id="FB_PIN35" pinnum="35" use="VCCAUX"/><pin id="FB_PIN7" pinnum="7" use="VCCIO-1.8"/><pin id="FB_PIN15" pinnum="15" use="VCC"/><pin id="FB_PIN26" pinnum="26" use="VCCIO-1.8"/><fblock id="FB1" pinUse="8"><macrocell id="FB1_MC1" pin="FB1_MC1_PIN38" sigUse="4" signal="Display2_SPECSIG"><eq_pterm ptindx="FB1_10"/><eq_pterm ptindx="FB1_12"/><eq_pterm ptindx="FB1_11"/></macrocell><macrocell id="FB1_MC2" pin="FB1_MC2_PIN37" sigUse="4" signal="Display1_SPECSIG"><eq_pterm ptindx="FB1_7"/><eq_pterm ptindx="FB1_8"/><eq_pterm ptindx="FB1_9"/></macrocell><macrocell id="FB1_MC3" pin="FB1_MC3_PIN36" sigUse="3" signal="Display0_SPECSIG"><eq_pterm ptindx="FB1_17"/><eq_pterm ptindx="FB1_18"/></macrocell><macrocell id="FB1_MC4" sigUse="5" signal="UARTReceiverstate1_SPECSIG"><eq_pterm ptindx="FB1_43"/><eq_pterm ptindx="FB1_42"/></macrocell><macrocell id="FB1_MC5" sigUse="5" signal="N_PZ_86"><eq_pterm ptindx="FB1_22"/></macrocell><macrocell id="FB1_MC6" sigUse="8" signal="UARTReceiverstate_or000012_SPECSIG"><eq_pterm ptindx="FB1_39"/><eq_pterm ptindx="FB1_41"/><eq_pterm ptindx="FB1_40"/></macrocell><macrocell id="FB1_MC7" sigUse="9" signal="UARTReceivercount_add00004_SPECSIG"><eq_pterm ptindx="FB1_28"/><eq_pterm ptindx="FB1_38"/><eq_pterm ptindx="FB1_34"/><eq_pterm ptindx="FB1_37"/><eq_pterm ptindx="FB1_35"/><eq_pterm ptindx="FB1_36"/></macrocell><macrocell id="FB1_MC8" sigUse="9" signal="UARTReceivercount_add00003_SPECSIG"><eq_pterm ptindx="FB1_31"/><eq_pterm ptindx="FB1_33"/><eq_pterm ptindx="FB1_29"/><eq_pterm ptindx="FB1_32"/><eq_pterm ptindx="FB1_30"/></macrocell><macrocell id="FB1_MC9" pin="FB1_MC9_PIN34" sigUse="4" signal="Display3_SPECSIG"><eq_pterm ptindx="FB1_9"/><eq_pterm ptindx="FB1_13"/><eq_pterm ptindx="FB1_14"/></macrocell><macrocell id="FB1_MC10" pin="FB1_MC10_PIN33" sigUse="4" signal="Display10_SPECSIG"><eq_pterm ptindx="FB1_0"/><eq_pterm ptindx="FB1_2"/><eq_pterm ptindx="FB1_1"/></macrocell><macrocell id="FB1_MC11" pin="FB1_MC11_PIN32" sigUse="4" signal="Display9_SPECSIG"><eq_pterm ptindx="FB1_15"/><eq_pterm ptindx="FB1_16"/><eq_pterm ptindx="FB1_6"/></macrocell><macrocell id="FB1_MC12" pin="FB1_MC12_PIN31" sigUse="3" signal="Display8_SPECSIG"><eq_pterm ptindx="FB1_19"/><eq_pterm ptindx="FB1_20"/></macrocell><macrocell id="FB1_MC13" pin="FB1_MC13_PIN30" sigUse="4" signal="Display11_SPECSIG"><eq_pterm ptindx="FB1_6"/><eq_pterm ptindx="FB1_3"/><eq_pterm ptindx="FB1_5"/></macrocell><macrocell id="FB1_MC14" sigUse="5" signal="UARTReceivercount_add00002_SPECSIG"><eq_pterm ptindx="FB1_21"/><eq_pterm ptindx="FB1_26"/><eq_pterm ptindx="FB1_27"/><eq_pterm ptindx="FB1_25"/></macrocell><macrocell id="FB1_MC15" sigUse="4" signal="UARTReceivercount_add00001_SPECSIG"><eq_pterm ptindx="FB1_52"/><eq_pterm ptindx="FB1_23"/><eq_pterm ptindx="FB1_24"/></macrocell><macrocell id="FB1_MC16" sigUse="3" signal="UARTReceivercount0_SPECSIG"><eq_pterm ptindx="FB1_52"/><eq_pterm ptindx="FB1_21"/></macrocell><fbinput id="FB1_I1" signal="Data"/><fbinput id="FB1_I2" signal="N_PZ_86"/><fbinput id="FB1_I3" signal="N_PZ_90"/><fbinput id="FB1_I4" signal="UARTReceivercount0_SPECSIG"/><fbinput id="FB1_I5" signal="UARTReceivercount_add00001_SPECSIG"/><fbinput id="FB1_I6" signal="UARTReceivercount_add00002_SPECSIG"/><fbinput id="FB1_I7" signal="UARTReceivercount_add00003_SPECSIG"/><fbinput id="FB1_I8" signal="UARTReceivercount_add00004_SPECSIG"/><fbinput id="FB1_I9" signal="UARTReceiverstate0_SPECSIG"/><fbinput id="FB1_I10" signal="UARTReceiverstate1_SPECSIG"/><fbinput id="FB1_I11" signal="UARTReceiverstate_or000012_SPECSIG"/><fbinput id="FB1_I12" signal="received0_SPECSIG"/><fbinput id="FB1_I13" signal="received1_SPECSIG"/><fbinput id="FB1_I14" signal="received2_SPECSIG"/><fbinput id="FB1_I15" signal="received3_SPECSIG"/><fbinput id="FB1_I16" signal="received4_SPECSIG"/><fbinput id="FB1_I17" signal="received5_SPECSIG"/><fbinput id="FB1_I18" signal="received6_SPECSIG"/><fbinput id="FB1_I19" signal="received7_SPECSIG"/><PAL><pterm id="FB1_0"><signal id="received5_SPECSIG"/><signal id="received6_SPECSIG"/><signal id="received7_SPECSIG" negated="ON"/><signal id="received4_SPECSIG"/></pterm><pterm id="FB1_1"><signal id="received5_SPECSIG" negated="ON"/><signal id="received6_SPECSIG" negated="ON"/><signal id="received7_SPECSIG" negated="ON"/><signal id="received4_SPECSIG"/></pterm><pterm id="FB1_2"><signal id="received5_SPECSIG" negated="ON"/><signal id="received6_SPECSIG"/><signal id="received7_SPECSIG" negated="ON"/><signal id="received4_SPECSIG" negated="ON"/></pterm><pterm id="FB1_3"><signal id="received5_SPECSIG" negated="ON"/><signal id="received6_SPECSIG"/><signal id="received7_SPECSIG" negated="ON"/></pterm><pterm id="FB1_4"><signal id="N_PZ_90" negated="ON"/><signal id="UARTReceiverstate_or000012_SPECSIG"/></pterm><pterm id="FB1_5"><signal id="received5_SPECSIG" negated="ON"/><signal id="received6_SPECSIG" negated="ON"/><signal id="received4_SPECSIG"/></pterm><pterm id="FB1_6"><signal id="received7_SPECSIG" negated="ON"/><signal id="received4_SPECSIG"/></pterm><pterm id="FB1_7"><signal id="received1_SPECSIG" negated="ON"/><signal id="received2_SPECSIG" negated="ON"/></pterm><pterm id="FB1_8"><signal id="received3_SPECSIG" negated="ON"/><signal id="received2_SPECSIG"/></pterm><pterm id="FB1_9"><signal id="received3_SPECSIG" negated="ON"/><signal id="received0_SPECSIG"/></pterm><pterm id="FB1_10"><signal id="received1_SPECSIG"/><signal id="received3_SPECSIG" negated="ON"/><signal id="received2_SPECSIG"/><signal id="received0_SPECSIG"/></pterm><pterm id="FB1_11"><signal id="received1_SPECSIG" negated="ON"/><signal id="received3_SPECSIG" negated="ON"/><signal id="received2_SPECSIG" negated="ON"/><signal id="received0_SPECSIG"/></pterm><pterm id="FB1_12"><signal id="received1_SPECSIG" negated="ON"/><signal id="received3_SPECSIG" negated="ON"/><signal id="received2_SPECSIG"/><signal id="received0_SPECSIG" negated="ON"/></pterm><pterm id="FB1_13"><signal id="received1_SPECSIG" negated="ON"/><signal id="received3_SPECSIG" negated="ON"/><signal id="received2_SPECSIG"/></pterm><pterm id="FB1_14"><signal id="received1_SPECSIG" negated="ON"/><signal id="received2_SPECSIG" negated="ON"/><signal id="received0_SPECSIG"/></pterm><pterm id="FB1_15"><signal id="received5_SPECSIG" negated="ON"/><signal id="received6_SPECSIG" negated="ON"/></pterm><pterm id="FB1_16"><signal id="received6_SPECSIG"/><signal id="received7_SPECSIG" negated="ON"/></pterm><pterm id="FB1_17"><signal id="received1_SPECSIG"/><signal id="received3_SPECSIG"/></pterm><pterm id="FB1_18"><signal id="received3_SPECSIG"/><signal id="received2_SPECSIG"/></pterm><pterm id="FB1_19"><signal id="received5_SPECSIG"/><signal id="received7_SPECSIG"/></pterm><pterm id="FB1_20"><signal id="received6_SPECSIG"/><signal id="received7_SPECSIG"/></pterm><pterm id="FB1_21"><signal id="UARTReceiverstate0_SPECSIG" negated="ON"/><signal id="N_PZ_90" negated="ON"/></pterm><pterm id="FB1_22"><signal id="UARTReceivercount_add00003_SPECSIG" negated="ON"/><signal id="UARTReceivercount0_SPECSIG"/><signal id="UARTReceivercount_add00001_SPECSIG" negated="ON"/><signal id="UARTReceivercount_add00002_SPECSIG" negated="ON"/><signal id="UARTReceivercount_add00004_SPECSIG"/></pterm><pterm id="FB1_23"><signal id="UARTReceiverstate0_SPECSIG"/><signal id="UARTReceivercount_add00001_SPECSIG"/></pterm><pterm id="FB1_24"><signal id="N_PZ_90"/><signal id="UARTReceivercount_add00001_SPECSIG"/></pterm><pterm id="FB1_25"><signal id="UARTReceivercount0_SPECSIG"/><signal id="UARTReceivercount_add00001_SPECSIG"/><signal id="UARTReceivercount_add00002_SPECSIG"/></pterm><pterm id="FB1_26"><signal id="UARTReceivercount0_SPECSIG" negated="ON"/><signal id="UARTReceivercount_add00002_SPECSIG" negated="ON"/></pterm><pterm id="FB1_27"><signal id="UARTReceivercount_add00001_SPECSIG" negated="ON"/><signal id="UARTReceivercount_add00002_SPECSIG" negated="ON"/></pterm><pterm id="FB1_28"><signal id="UARTReceivercount_add00004_SPECSIG" negated="ON"/></pterm><pterm id="FB1_29"><signal id="UARTReceiverstate0_SPECSIG"/><signal id="UARTReceivercount0_SPECSIG"/><signal id="UARTReceivercount_add00001_SPECSIG"/><signal id="UARTReceivercount_add00002_SPECSIG"/></pterm><pterm id="FB1_30"><signal id="Data" negated="ON"/><signal id="UARTReceiverstate1_SPECSIG" negated="ON"/><signal id="UARTReceiverstate0_SPECSIG"/><signal id="UARTReceivercount_add00003_SPECSIG"/><signal id="UARTReceivercount0_SPECSIG"/><signal id="UARTReceivercount_add00001_SPECSIG" negated="ON"/><signal id="UARTReceivercount_add00002_SPECSIG" negated="ON"/><signal id="UARTReceivercount_add00004_SPECSIG" negated="ON"/></pterm><pterm id="FB1_31"><signal id="UARTReceivercount_add00003_SPECSIG" negated="ON"/></pterm><pterm id="FB1_32"><signal id="N_PZ_90"/><signal id="UARTReceivercount0_SPECSIG"/><signal id="UARTReceivercount_add00001_SPECSIG"/><signal id="UARTReceivercount_add00002_SPECSIG"/></pterm><pterm id="FB1_33"><signal id="UARTReceiverstate0_SPECSIG" negated="ON"/><signal id="N_PZ_90" negated="ON"/><signal id="UARTReceivercount_add00003_SPECSIG"/></pterm><pterm id="FB1_34"><signal id="UARTReceiverstate0_SPECSIG"/><signal id="UARTReceivercount_add00003_SPECSIG"/><signal id="UARTReceivercount0_SPECSIG"/><signal id="UARTReceivercount_add00001_SPECSIG"/><signal id="UARTReceivercount_add00002_SPECSIG"/></pterm><pterm id="FB1_35"><signal id="Data" negated="ON"/><signal id="UARTReceiverstate0_SPECSIG" negated="ON"/><signal id="UARTReceivercount_add00003_SPECSIG" negated="ON"/><signal id="UARTReceivercount0_SPECSIG"/><signal id="UARTReceivercount_add00001_SPECSIG" negated="ON"/><signal id="UARTReceivercount_add00002_SPECSIG" negated="ON"/><signal id="UARTReceivercount_add00004_SPECSIG"/></pterm><pterm id="FB1_36"><signal id="UARTReceiverstate1_SPECSIG"/><signal id="UARTReceiverstate0_SPECSIG" negated="ON"/><signal id="UARTReceivercount_add00003_SPECSIG" negated="ON"/><signal id="UARTReceivercount0_SPECSIG"/><signal id="UARTReceivercount_add00001_SPECSIG" negated="ON"/><signal id="UARTReceivercount_add00002_SPECSIG" negated="ON"/><signal id="UARTReceivercount_add00004_SPECSIG"/></pterm><pterm id="FB1_37"><signal id="N_PZ_90"/><signal id="UARTReceivercount_add00003_SPECSIG"/><signal id="UARTReceivercount0_SPECSIG"/><signal id="UARTReceivercount_add00001_SPECSIG"/><signal id="UARTReceivercount_add00002_SPECSIG"/></pterm><pterm id="FB1_38"><signal id="UARTReceiverstate0_SPECSIG" negated="ON"/><signal id="N_PZ_90" negated="ON"/><signal id="UARTReceivercount_add00004_SPECSIG"/></pterm><pterm id="FB1_39"><signal id="UARTReceiverstate0_SPECSIG" negated="ON"/></pterm><pterm id="FB1_40"><signal id="UARTReceiverstate1_SPECSIG" negated="ON"/><signal id="UARTReceivercount_add00003_SPECSIG"/><signal id="UARTReceivercount0_SPECSIG"/><signal id="UARTReceivercount_add00001_SPECSIG" negated="ON"/><signal id="UARTReceivercount_add00002_SPECSIG" negated="ON"/><signal id="UARTReceivercount_add00004_SPECSIG" negated="ON"/></pterm><pterm id="FB1_41"><signal id="UARTReceiverstate1_SPECSIG"/><signal id="N_PZ_86"/></pterm><pterm id="FB1_42"><signal id="Data" negated="ON"/><signal id="UARTReceiverstate1_SPECSIG" negated="ON"/><signal id="UARTReceiverstate0_SPECSIG"/></pterm><pterm id="FB1_43"><signal id="UARTReceiverstate1_SPECSIG"/><signal id="UARTReceiverstate0_SPECSIG" negated="ON"/></pterm><pterm id="FB1_52"><signal id="UARTReceivercount0_SPECSIG"/></pterm></PAL><bct id="FB1_bct4" use="CTC"><eq_pterm ptindx="FB1_4"/></bct><equation id="Display2_SPECSIG"><d2><eq_pterm ptindx="FB1_10"/><eq_pterm ptindx="FB1_12"/><eq_pterm ptindx="FB1_11"/></d2></equation><equation id="Display1_SPECSIG" negated="ON"><d2><eq_pterm ptindx="FB1_7"/><eq_pterm ptindx="FB1_8"/><eq_pterm ptindx="FB1_9"/></d2></equation><equation id="Display0_SPECSIG" negated="ON"><d2><eq_pterm ptindx="FB1_17"/><eq_pterm ptindx="FB1_18"/></d2></equation><equation id="UARTReceiverstate1_SPECSIG" regUse="LATCH"><d2><eq_pterm ptindx="FB1_43"/><eq_pterm ptindx="FB1_42"/></d2><clk><eq_pterm ptindx="FB1_4"/></clk><prld ptindx="GND"/></equation><equation id="N_PZ_86"><d1><eq_pterm ptindx="FB1_22"/></d1></equation><equation id="UARTReceiverstate_or000012_SPECSIG"><d2><eq_pterm ptindx="FB1_39"/><eq_pterm ptindx="FB1_41"/><eq_pterm ptindx="FB1_40"/></d2></equation><equation id="UARTReceivercount_add00004_SPECSIG" negated="ON"><d1><eq_pterm ptindx="FB1_28"/></d1><d2><eq_pterm ptindx="FB1_38"/><eq_pterm ptindx="FB1_34"/><eq_pterm ptindx="FB1_37"/><eq_pterm ptindx="FB1_35"/><eq_pterm ptindx="FB1_36"/></d2></equation><equation id="UARTReceivercount_add00003_SPECSIG" negated="ON"><d1><eq_pterm ptindx="FB1_31"/></d1><d2><eq_pterm ptindx="FB1_33"/><eq_pterm ptindx="FB1_29"/><eq_pterm ptindx="FB1_32"/><eq_pterm ptindx="FB1_30"/></d2></equation><equation id="Display3_SPECSIG"><d2><eq_pterm ptindx="FB1_9"/><eq_pterm ptindx="FB1_13"/><eq_pterm ptindx="FB1_14"/></d2></equation><equation id="Display10_SPECSIG"><d2><eq_pterm ptindx="FB1_0"/><eq_pterm ptindx="FB1_2"/><eq_pterm ptindx="FB1_1"/></d2></equation><equation id="Display9_SPECSIG" negated="ON"><d2><eq_pterm ptindx="FB1_15"/><eq_pterm ptindx="FB1_16"/><eq_pterm ptindx="FB1_6"/></d2></equation><equation id="Display8_SPECSIG" negated="ON"><d2><eq_pterm ptindx="FB1_19"/><eq_pterm ptindx="FB1_20"/></d2></equation><equation id="Display11_SPECSIG"><d2><eq_pterm ptindx="FB1_6"/><eq_pterm ptindx="FB1_3"/><eq_pterm ptindx="FB1_5"/></d2></equation><equation id="UARTReceivercount_add00002_SPECSIG" negated="ON"><d2><eq_pterm ptindx="FB1_21"/><eq_pterm ptindx="FB1_26"/><eq_pterm ptindx="FB1_27"/><eq_pterm ptindx="FB1_25"/></d2></equation><equation id="UARTReceivercount_add00001_SPECSIG"><d1><eq_pterm ptindx="FB1_52"/></d1><d2><eq_pterm ptindx="FB1_23"/><eq_pterm ptindx="FB1_24"/></d2></equation><equation id="UARTReceivercount0_SPECSIG" negated="ON"><d2><eq_pterm ptindx="FB1_52"/><eq_pterm ptindx="FB1_21"/></d2></equation></fblock><fblock id="FB2" pinUse="8"><macrocell id="FB2_MC1" pin="FB2_MC1_PIN39" sigUse="4" signal="Display7_SPECSIG"><eq_pterm ptindx="FB2_7"/><eq_pterm ptindx="FB2_12"/><eq_pterm ptindx="FB2_11"/></macrocell><macrocell id="FB2_MC2" pin="FB2_MC2_PIN40" sigUse="4" signal="Display6_SPECSIG"><eq_pterm ptindx="FB2_20"/><eq_pterm ptindx="FB2_11"/></macrocell><macrocell id="FB2_MC3" sigUse="8" signal="UARTReceiverbitsReceived3_SPECSIG"><eq_pterm ptindx="FB2_16"/><eq_pterm ptindx="FB2_35"/><eq_pterm ptindx="FB2_33"/></macrocell><macrocell id="FB2_MC4" sigUse="8" signal="UARTReceiverbitsReceived2_SPECSIG"><eq_pterm ptindx="FB2_19"/><eq_pterm ptindx="FB2_32"/><eq_pterm ptindx="FB2_31"/></macrocell><macrocell id="FB2_MC5" pin="FB2_MC5_PIN41" sigUse="4" signal="Display5_SPECSIG"><eq_pterm ptindx="FB2_5"/><eq_pterm ptindx="FB2_6"/><eq_pterm ptindx="FB2_7"/><eq_pterm ptindx="FB2_8"/></macrocell><macrocell id="FB2_MC6" pin="FB2_MC6_PIN42" sigUse="4" signal="Display4_SPECSIG"><eq_pterm ptindx="FB2_17"/><eq_pterm ptindx="FB2_18"/></macrocell><macrocell id="FB2_MC7" pin="FB2_MC7_PIN43" sigUse="8" signal="UARTReceiverbitsReceived4_SPECSIG"><eq_pterm ptindx="FB2_28"/><eq_pterm ptindx="FB2_37"/><eq_pterm ptindx="FB2_36"/></macrocell><macrocell id="FB2_MC8" pin="FB2_MC8_PIN44" sigUse="4" signal="Display15_SPECSIG"><eq_pterm ptindx="FB2_2"/><eq_pterm ptindx="FB2_10"/><eq_pterm ptindx="FB2_9"/></macrocell><macrocell id="FB2_MC9" sigUse="8" signal="UARTReceiverbitsReceived1_SPECSIG"><eq_pterm ptindx="FB2_34"/><eq_pterm ptindx="FB2_29"/><eq_pterm ptindx="FB2_30"/></macrocell><macrocell id="FB2_MC10" pin="FB2_MC10_PIN1" sigUse="4" signal="Display14_SPECSIG"><eq_pterm ptindx="FB2_15"/><eq_pterm ptindx="FB2_9"/></macrocell><macrocell id="FB2_MC11" sigUse="8" signal="UARTReceiverbitsReceived0_SPECSIG"><eq_pterm ptindx="FB2_40"/><eq_pterm ptindx="FB2_27"/><eq_pterm ptindx="FB2_26"/></macrocell><macrocell id="FB2_MC12" pin="FB2_MC12_PIN2" sigUse="4" signal="Display13_SPECSIG"><eq_pterm ptindx="FB2_0"/><eq_pterm ptindx="FB2_1"/><eq_pterm ptindx="FB2_2"/><eq_pterm ptindx="FB2_3"/></macrocell><macrocell id="FB2_MC13" pin="FB2_MC13_PIN3" sigUse="4" signal="Display12_SPECSIG"><eq_pterm ptindx="FB2_13"/><eq_pterm ptindx="FB2_14"/></macrocell><macrocell id="FB2_MC14" sigUse="4" signal="N_PZ_90"><eq_pterm ptindx="FB2_24"/><eq_pterm ptindx="FB2_25"/></macrocell><macrocell id="FB2_MC15" sigUse="4" signal="N_PZ_115"><eq_pterm ptindx="FB2_23"/><eq_pterm ptindx="FB2_22"/></macrocell><macrocell id="FB2_MC16" sigUse="3" signal="UARTReceiverstate0_SPECSIG"><eq_pterm ptindx="FB2_21"/><eq_pterm ptindx="FB2_55"/></macrocell><fbinput id="FB2_I1" signal="Data"/><fbinput id="FB2_I2" signal="N_PZ_86"/><fbinput id="FB2_I3" signal="N_PZ_90"/><fbinput id="FB2_I4" signal="UARTReceiverbitCounter0_SPECSIG"/><fbinput id="FB2_I5" signal="UARTReceiverbitCounter1_SPECSIG"/><fbinput id="FB2_I6" signal="UARTReceiverbitCounter2_SPECSIG"/><fbinput id="FB2_I7" signal="UARTReceiverbitsReceived0_SPECSIG"/><fbinput id="FB2_I8" signal="UARTReceiverbitsReceived1_SPECSIG"/><fbinput id="FB2_I9" signal="UARTReceiverbitsReceived2_SPECSIG"/><fbinput id="FB2_I10" signal="UARTReceiverbitsReceived3_SPECSIG"/><fbinput id="FB2_I11" signal="UARTReceiverbitsReceived4_SPECSIG"/><fbinput id="FB2_I12" signal="UARTReceivercount_cmp_eq0000_SPECSIG"/><fbinput id="FB2_I13" signal="UARTReceiverstate0_SPECSIG"/><fbinput id="FB2_I14" signal="UARTReceiverstate1_SPECSIG"/><fbinput id="FB2_I15" signal="UARTReceiverstate_or000012_SPECSIG"/><fbinput id="FB2_I16" signal="received0_SPECSIG"/><fbinput id="FB2_I17" signal="received1_SPECSIG"/><fbinput id="FB2_I18" signal="received2_SPECSIG"/><fbinput id="FB2_I19" signal="received3_SPECSIG"/><fbinput id="FB2_I20" signal="received4_SPECSIG"/><fbinput id="FB2_I21" signal="received5_SPECSIG"/><fbinput id="FB2_I22" signal="received6_SPECSIG"/><fbinput id="FB2_I23" signal="received7_SPECSIG"/><PAL><pterm id="FB2_0"><signal id="received5_SPECSIG" negated="ON"/><signal id="received6_SPECSIG" negated="ON"/></pterm><pterm id="FB2_1"><signal id="received6_SPECSIG" negated="ON"/><signal id="received7_SPECSIG" negated="ON"/></pterm><pterm id="FB2_2"><signal id="received5_SPECSIG"/><signal id="received7_SPECSIG" negated="ON"/><signal id="received4_SPECSIG"/></pterm><pterm id="FB2_3"><signal id="received5_SPECSIG" negated="ON"/><signal id="received7_SPECSIG" negated="ON"/><signal id="received4_SPECSIG" negated="ON"/></pterm><pterm id="FB2_4"><signal id="N_PZ_86"/></pterm><pterm id="FB2_5"><signal id="received1_SPECSIG" negated="ON"/><signal id="received2_SPECSIG" negated="ON"/></pterm><pterm id="FB2_6"><signal id="received3_SPECSIG" negated="ON"/><signal id="received2_SPECSIG" negated="ON"/></pterm><pterm id="FB2_7"><signal id="received1_SPECSIG"/><signal id="received3_SPECSIG" negated="ON"/><signal id="received0_SPECSIG"/></pterm><pterm id="FB2_8"><signal id="received1_SPECSIG" negated="ON"/><signal id="received3_SPECSIG" negated="ON"/><signal id="received0_SPECSIG" negated="ON"/></pterm><pterm id="FB2_9"><signal id="received5_SPECSIG" negated="ON"/><signal id="received6_SPECSIG" negated="ON"/><signal id="received7_SPECSIG" negated="ON"/><signal id="received4_SPECSIG"/></pterm><pterm id="FB2_10"><signal id="received5_SPECSIG"/><signal id="received6_SPECSIG" negated="ON"/><signal id="received7_SPECSIG" negated="ON"/><signal id="received4_SPECSIG" negated="ON"/></pterm><pterm id="FB2_11"><signal id="received1_SPECSIG" negated="ON"/><signal id="received3_SPECSIG" negated="ON"/><signal id="received2_SPECSIG" negated="ON"/><signal id="received0_SPECSIG"/></pterm><pterm id="FB2_12"><signal id="received1_SPECSIG"/><signal id="received3_SPECSIG" negated="ON"/><signal id="received2_SPECSIG" negated="ON"/><signal id="received0_SPECSIG" negated="ON"/></pterm><pterm id="FB2_13"><signal id="received5_SPECSIG" negated="ON"/><signal id="received6_SPECSIG" negated="ON"/><signal id="received7_SPECSIG" negated="ON"/></pterm><pterm id="FB2_14"><signal id="received5_SPECSIG"/><signal id="received6_SPECSIG"/><signal id="received7_SPECSIG" negated="ON"/><signal id="received4_SPECSIG"/></pterm><pterm id="FB2_15"><signal id="received5_SPECSIG" negated="ON"/><signal id="received6_SPECSIG"/><signal id="received7_SPECSIG" negated="ON"/><signal id="received4_SPECSIG" negated="ON"/></pterm><pterm id="FB2_16"><signal id="UARTReceiverbitsReceived3_SPECSIG" negated="ON"/></pterm><pterm id="FB2_17"><signal id="received1_SPECSIG" negated="ON"/><signal id="received3_SPECSIG" negated="ON"/><signal id="received2_SPECSIG" negated="ON"/></pterm><pterm id="FB2_18"><signal id="received1_SPECSIG"/><signal id="received3_SPECSIG" negated="ON"/><signal id="received2_SPECSIG"/><signal id="received0_SPECSIG"/></pterm><pterm id="FB2_19"><signal id="UARTReceiverbitsReceived2_SPECSIG" negated="ON"/></pterm><pterm id="FB2_20"><signal id="received1_SPECSIG" negated="ON"/><signal id="received3_SPECSIG" negated="ON"/><signal id="received2_SPECSIG"/><signal id="received0_SPECSIG" negated="ON"/></pterm><pterm id="FB2_21"><signal id="UARTReceiverstate0_SPECSIG" negated="ON"/></pterm><pterm id="FB2_22"><signal id="Data" negated="ON"/><signal id="UARTReceiverstate1_SPECSIG" negated="ON"/><signal id="UARTReceiverstate0_SPECSIG"/><signal id="UARTReceiverstate_or000012_SPECSIG"/></pterm><pterm id="FB2_23"><signal id="UARTReceiverstate1_SPECSIG"/><signal id="UARTReceiverstate0_SPECSIG" negated="ON"/><signal id="UARTReceiverstate_or000012_SPECSIG"/></pterm><pterm id="FB2_24"><signal id="Data"/><signal id="UARTReceiverstate1_SPECSIG" negated="ON"/><signal id="UARTReceiverstate0_SPECSIG" negated="ON"/></pterm><pterm id="FB2_25"><signal id="UARTReceiverstate1_SPECSIG"/><signal id="UARTReceiverstate0_SPECSIG" negated="ON"/><signal id="UARTReceivercount_cmp_eq0000_SPECSIG" negated="ON"/></pterm><pterm id="FB2_26"><signal id="Data" negated="ON"/><signal id="UARTReceiverstate1_SPECSIG"/><signal id="UARTReceiverstate0_SPECSIG" negated="ON"/><signal id="UARTReceiverbitCounter0_SPECSIG"/><signal id="UARTReceiverbitCounter1_SPECSIG"/><signal id="UARTReceiverbitCounter2_SPECSIG"/><signal id="UARTReceiverbitsReceived0_SPECSIG"/></pterm><pterm id="FB2_27"><signal id="Data"/><signal id="UARTReceiverstate1_SPECSIG"/><signal id="UARTReceiverstate0_SPECSIG" negated="ON"/><signal id="UARTReceiverbitCounter0_SPECSIG"/><signal id="UARTReceiverbitCounter1_SPECSIG"/><signal id="UARTReceiverbitCounter2_SPECSIG"/><signal id="UARTReceiverbitsReceived0_SPECSIG" negated="ON"/></pterm><pterm id="FB2_28"><signal id="UARTReceiverbitsReceived4_SPECSIG" negated="ON"/></pterm><pterm id="FB2_29"><signal id="UARTReceiverbitsReceived1_SPECSIG"/><signal id="Data" negated="ON"/><signal id="UARTReceiverstate1_SPECSIG"/><signal id="UARTReceiverstate0_SPECSIG" negated="ON"/><signal id="UARTReceiverbitCounter0_SPECSIG" negated="ON"/><signal id="UARTReceiverbitCounter1_SPECSIG"/><signal id="UARTReceiverbitCounter2_SPECSIG"/></pterm><pterm id="FB2_30"><signal id="UARTReceiverbitsReceived1_SPECSIG" negated="ON"/><signal id="Data"/><signal id="UARTReceiverstate1_SPECSIG"/><signal id="UARTReceiverstate0_SPECSIG" negated="ON"/><signal id="UARTReceiverbitCounter0_SPECSIG" negated="ON"/><signal id="UARTReceiverbitCounter1_SPECSIG"/><signal id="UARTReceiverbitCounter2_SPECSIG"/></pterm><pterm id="FB2_31"><signal id="Data" negated="ON"/><signal id="UARTReceiverstate1_SPECSIG"/><signal id="UARTReceiverstate0_SPECSIG" negated="ON"/><signal id="UARTReceiverbitCounter0_SPECSIG"/><signal id="UARTReceiverbitCounter1_SPECSIG" negated="ON"/><signal id="UARTReceiverbitCounter2_SPECSIG"/><signal id="UARTReceiverbitsReceived2_SPECSIG"/></pterm><pterm id="FB2_32"><signal id="Data"/><signal id="UARTReceiverstate1_SPECSIG"/><signal id="UARTReceiverstate0_SPECSIG" negated="ON"/><signal id="UARTReceiverbitCounter0_SPECSIG"/><signal id="UARTReceiverbitCounter1_SPECSIG" negated="ON"/><signal id="UARTReceiverbitCounter2_SPECSIG"/><signal id="UARTReceiverbitsReceived2_SPECSIG" negated="ON"/></pterm><pterm id="FB2_33"><signal id="Data" negated="ON"/><signal id="UARTReceiverstate1_SPECSIG"/><signal id="UARTReceiverstate0_SPECSIG" negated="ON"/><signal id="UARTReceiverbitCounter0_SPECSIG" negated="ON"/><signal id="UARTReceiverbitCounter1_SPECSIG" negated="ON"/><signal id="UARTReceiverbitCounter2_SPECSIG"/><signal id="UARTReceiverbitsReceived3_SPECSIG"/></pterm><pterm id="FB2_34"><signal id="UARTReceiverbitsReceived1_SPECSIG" negated="ON"/></pterm><pterm id="FB2_35"><signal id="Data"/><signal id="UARTReceiverstate1_SPECSIG"/><signal id="UARTReceiverstate0_SPECSIG" negated="ON"/><signal id="UARTReceiverbitCounter0_SPECSIG" negated="ON"/><signal id="UARTReceiverbitCounter1_SPECSIG" negated="ON"/><signal id="UARTReceiverbitCounter2_SPECSIG"/><signal id="UARTReceiverbitsReceived3_SPECSIG" negated="ON"/></pterm><pterm id="FB2_36"><signal id="Data" negated="ON"/><signal id="UARTReceiverstate1_SPECSIG"/><signal id="UARTReceiverstate0_SPECSIG" negated="ON"/><signal id="UARTReceiverbitCounter0_SPECSIG"/><signal id="UARTReceiverbitCounter1_SPECSIG"/><signal id="UARTReceiverbitCounter2_SPECSIG" negated="ON"/><signal id="UARTReceiverbitsReceived4_SPECSIG"/></pterm><pterm id="FB2_37"><signal id="Data"/><signal id="UARTReceiverstate1_SPECSIG"/><signal id="UARTReceiverstate0_SPECSIG" negated="ON"/><signal id="UARTReceiverbitCounter0_SPECSIG"/><signal id="UARTReceiverbitCounter1_SPECSIG"/><signal id="UARTReceiverbitCounter2_SPECSIG" negated="ON"/><signal id="UARTReceiverbitsReceived4_SPECSIG" negated="ON"/></pterm><pterm id="FB2_40"><signal id="UARTReceiverbitsReceived0_SPECSIG" negated="ON"/></pterm><pterm id="FB2_55"><signal id="N_PZ_90" negated="ON"/><signal id="UARTReceiverstate_or000012_SPECSIG"/></pterm></PAL><bct id="FB2_bct4" use="CTC"><eq_pterm ptindx="FB2_4"/></bct><equation id="Display7_SPECSIG"><d2><eq_pterm ptindx="FB2_7"/><eq_pterm ptindx="FB2_12"/><eq_pterm ptindx="FB2_11"/></d2></equation><equation id="Display6_SPECSIG"><d2><eq_pterm ptindx="FB2_20"/><eq_pterm ptindx="FB2_11"/></d2></equation><equation id="UARTReceiverbitsReceived3_SPECSIG" negated="ON" regUse="LATCH"><d1><eq_pterm ptindx="FB2_16"/></d1><d2><eq_pterm ptindx="FB2_35"/><eq_pterm ptindx="FB2_33"/></d2><clk><eq_pterm ptindx="FB2_4"/></clk><prld ptindx="GND"/></equation><equation id="UARTReceiverbitsReceived2_SPECSIG" negated="ON" regUse="LATCH"><d1><eq_pterm ptindx="FB2_19"/></d1><d2><eq_pterm ptindx="FB2_32"/><eq_pterm ptindx="FB2_31"/></d2><clk><eq_pterm ptindx="FB2_4"/></clk><prld ptindx="GND"/></equation><equation id="Display5_SPECSIG" negated="ON"><d2><eq_pterm ptindx="FB2_5"/><eq_pterm ptindx="FB2_6"/><eq_pterm ptindx="FB2_7"/><eq_pterm ptindx="FB2_8"/></d2></equation><equation id="Display4_SPECSIG"><d2><eq_pterm ptindx="FB2_17"/><eq_pterm ptindx="FB2_18"/></d2></equation><equation id="UARTReceiverbitsReceived4_SPECSIG" negated="ON" regUse="LATCH"><d1><eq_pterm ptindx="FB2_28"/></d1><d2><eq_pterm ptindx="FB2_37"/><eq_pterm ptindx="FB2_36"/></d2><clk><eq_pterm ptindx="FB2_4"/></clk><prld ptindx="GND"/></equation><equation id="Display15_SPECSIG"><d2><eq_pterm ptindx="FB2_2"/><eq_pterm ptindx="FB2_10"/><eq_pterm ptindx="FB2_9"/></d2></equation><equation id="UARTReceiverbitsReceived1_SPECSIG" negated="ON" regUse="LATCH"><d1><eq_pterm ptindx="FB2_34"/></d1><d2><eq_pterm ptindx="FB2_29"/><eq_pterm ptindx="FB2_30"/></d2><clk><eq_pterm ptindx="FB2_4"/></clk><prld ptindx="GND"/></equation><equation id="Display14_SPECSIG"><d2><eq_pterm ptindx="FB2_15"/><eq_pterm ptindx="FB2_9"/></d2></equation><equation id="UARTReceiverbitsReceived0_SPECSIG" negated="ON" regUse="LATCH"><d1><eq_pterm ptindx="FB2_40"/></d1><d2><eq_pterm ptindx="FB2_27"/><eq_pterm ptindx="FB2_26"/></d2><clk><eq_pterm ptindx="FB2_4"/></clk><prld ptindx="GND"/></equation><equation id="Display13_SPECSIG" negated="ON"><d2><eq_pterm ptindx="FB2_0"/><eq_pterm ptindx="FB2_1"/><eq_pterm ptindx="FB2_2"/><eq_pterm ptindx="FB2_3"/></d2></equation><equation id="Display12_SPECSIG"><d2><eq_pterm ptindx="FB2_13"/><eq_pterm ptindx="FB2_14"/></d2></equation><equation id="N_PZ_90"><d2><eq_pterm ptindx="FB2_24"/><eq_pterm ptindx="FB2_25"/></d2></equation><equation id="N_PZ_115"><d2><eq_pterm ptindx="FB2_23"/><eq_pterm ptindx="FB2_22"/></d2></equation><equation id="UARTReceiverstate0_SPECSIG" regUse="LATCH"><d2><eq_pterm ptindx="FB2_21"/></d2><clk><eq_pterm ptindx="FB2_55"/></clk><prld ptindx="GND"/></equation></fblock><fblock id="FB3" pinUse="0"><macrocell id="FB3_MC1" pin="FB3_MC1_PIN29"/><macrocell id="FB3_MC2" pin="FB3_MC2_PIN28" sigUse="4" signal="received4_SPECSIG"><eq_pterm ptindx="FB3_30"/><eq_pterm ptindx="FB3_13"/></macrocell><macrocell id="FB3_MC3" pin="FB3_MC3_PIN27" sigUse="4" signal="received3_SPECSIG"><eq_pterm ptindx="FB3_29"/><eq_pterm ptindx="FB3_13"/></macrocell><macrocell id="FB3_MC4" sigUse="4" signal="UARTReceivercount_cmp_eq0000_SPECSIG"><eq_pterm ptindx="FB3_19"/><eq_pterm ptindx="FB3_18"/></macrocell><macrocell id="FB3_MC5" sigUse="5" signal="UARTReceiverbitCounter0_SPECSIG"><eq_pterm ptindx="FB3_17"/><eq_pterm ptindx="FB3_15"/><eq_pterm ptindx="FB3_22"/></macrocell><macrocell id="FB3_MC6" pin="FB3_MC6_PIN23" sigUse="4" signal="received2_SPECSIG"><eq_pterm ptindx="FB3_27"/><eq_pterm ptindx="FB3_13"/></macrocell><macrocell id="FB3_MC7" sigUse="6" signal="UARTReceiverbitCounter1_SPECSIG"><eq_pterm ptindx="FB3_11"/><eq_pterm ptindx="FB3_14"/><eq_pterm ptindx="FB3_12"/><eq_pterm ptindx="FB3_22"/></macrocell><macrocell id="FB3_MC8" sigUse="7" signal="UARTReceiverbitCounter2_SPECSIG"><eq_pterm ptindx="FB3_7"/><eq_pterm ptindx="FB3_10"/><eq_pterm ptindx="FB3_8"/><eq_pterm ptindx="FB3_9"/><eq_pterm ptindx="FB3_22"/></macrocell><macrocell id="FB3_MC9" sigUse="8" signal="UARTReceiverbitsReceived7_SPECSIG"><eq_pterm ptindx="FB3_34"/><eq_pterm ptindx="FB3_6"/><eq_pterm ptindx="FB3_5"/></macrocell><macrocell id="FB3_MC10" pin="FB3_MC10_PIN22" sigUse="4" signal="received1_SPECSIG"><eq_pterm ptindx="FB3_26"/><eq_pterm ptindx="FB3_13"/></macrocell><macrocell id="FB3_MC11" pin="FB3_MC11_PIN21" sigUse="4" signal="received0_SPECSIG"><eq_pterm ptindx="FB3_24"/><eq_pterm ptindx="FB3_13"/></macrocell><macrocell id="FB3_MC12" pin="FB3_MC12_PIN20" sigUse="4" signal="received7_SPECSIG"><eq_pterm ptindx="FB3_23"/><eq_pterm ptindx="FB3_13"/></macrocell><macrocell id="FB3_MC13" sigUse="8" signal="UARTReceiverbitsReceived6_SPECSIG"><eq_pterm ptindx="FB3_46"/><eq_pterm ptindx="FB3_3"/><eq_pterm ptindx="FB3_2"/></macrocell><macrocell id="FB3_MC14" pin="FB3_MC14_PIN19" sigUse="4" signal="received6_SPECSIG"><eq_pterm ptindx="FB3_21"/><eq_pterm ptindx="FB3_13"/></macrocell><macrocell id="FB3_MC15" pin="FB3_MC15_PIN18" sigUse="4" signal="received5_SPECSIG"><eq_pterm ptindx="FB3_20"/><eq_pterm ptindx="FB3_13"/></macrocell><macrocell id="FB3_MC16" sigUse="8" signal="UARTReceiverbitsReceived5_SPECSIG"><eq_pterm ptindx="FB3_55"/><eq_pterm ptindx="FB3_1"/><eq_pterm ptindx="FB3_0"/></macrocell><fbinput id="FB3_I1" signal="Data"/><fbinput id="FB3_I2" signal="N_PZ_115"/><fbinput id="FB3_I3" signal="N_PZ_86"/><fbinput id="FB3_I4" signal="UARTReceiverbitCounter0_SPECSIG"/><fbinput id="FB3_I5" signal="UARTReceiverbitCounter1_SPECSIG"/><fbinput id="FB3_I6" signal="UARTReceiverbitCounter2_SPECSIG"/><fbinput id="FB3_I7" signal="UARTReceiverbitsReceived0_SPECSIG"/><fbinput id="FB3_I8" signal="UARTReceiverbitsReceived1_SPECSIG"/><fbinput id="FB3_I9" signal="UARTReceiverbitsReceived2_SPECSIG"/><fbinput id="FB3_I10" signal="UARTReceiverbitsReceived3_SPECSIG"/><fbinput id="FB3_I11" signal="UARTReceiverbitsReceived4_SPECSIG"/><fbinput id="FB3_I12" signal="UARTReceiverbitsReceived5_SPECSIG"/><fbinput id="FB3_I13" signal="UARTReceiverbitsReceived6_SPECSIG"/><fbinput id="FB3_I14" signal="UARTReceiverbitsReceived7_SPECSIG"/><fbinput id="FB3_I15" signal="UARTReceiverstate0_SPECSIG"/><fbinput id="FB3_I16" signal="UARTReceiverstate1_SPECSIG"/><PAL><pterm id="FB3_0"><signal id="Data" negated="ON"/><signal id="UARTReceiverstate1_SPECSIG"/><signal id="UARTReceiverstate0_SPECSIG" negated="ON"/><signal id="UARTReceiverbitCounter0_SPECSIG" negated="ON"/><signal id="UARTReceiverbitCounter1_SPECSIG"/><signal id="UARTReceiverbitCounter2_SPECSIG" negated="ON"/><signal id="UARTReceiverbitsReceived5_SPECSIG"/></pterm><pterm id="FB3_1"><signal id="Data"/><signal id="UARTReceiverstate1_SPECSIG"/><signal id="UARTReceiverstate0_SPECSIG" negated="ON"/><signal id="UARTReceiverbitCounter0_SPECSIG" negated="ON"/><signal id="UARTReceiverbitCounter1_SPECSIG"/><signal id="UARTReceiverbitCounter2_SPECSIG" negated="ON"/><signal id="UARTReceiverbitsReceived5_SPECSIG" negated="ON"/></pterm><pterm id="FB3_2"><signal id="Data" negated="ON"/><signal id="UARTReceiverstate1_SPECSIG"/><signal id="UARTReceiverstate0_SPECSIG" negated="ON"/><signal id="UARTReceiverbitCounter0_SPECSIG"/><signal id="UARTReceiverbitCounter1_SPECSIG" negated="ON"/><signal id="UARTReceiverbitCounter2_SPECSIG" negated="ON"/><signal id="UARTReceiverbitsReceived6_SPECSIG"/></pterm><pterm id="FB3_3"><signal id="Data"/><signal id="UARTReceiverstate1_SPECSIG"/><signal id="UARTReceiverstate0_SPECSIG" negated="ON"/><signal id="UARTReceiverbitCounter0_SPECSIG"/><signal id="UARTReceiverbitCounter1_SPECSIG" negated="ON"/><signal id="UARTReceiverbitCounter2_SPECSIG" negated="ON"/><signal id="UARTReceiverbitsReceived6_SPECSIG" negated="ON"/></pterm><pterm id="FB3_4"><signal id="N_PZ_86"/></pterm><pterm id="FB3_5"><signal id="Data" negated="ON"/><signal id="UARTReceiverstate1_SPECSIG"/><signal id="UARTReceiverstate0_SPECSIG" negated="ON"/><signal id="UARTReceiverbitCounter0_SPECSIG" negated="ON"/><signal id="UARTReceiverbitCounter1_SPECSIG" negated="ON"/><signal id="UARTReceiverbitCounter2_SPECSIG" negated="ON"/><signal id="UARTReceiverbitsReceived7_SPECSIG"/></pterm><pterm id="FB3_6"><signal id="Data"/><signal id="UARTReceiverstate1_SPECSIG"/><signal id="UARTReceiverstate0_SPECSIG" negated="ON"/><signal id="UARTReceiverbitCounter0_SPECSIG" negated="ON"/><signal id="UARTReceiverbitCounter1_SPECSIG" negated="ON"/><signal id="UARTReceiverbitCounter2_SPECSIG" negated="ON"/><signal id="UARTReceiverbitsReceived7_SPECSIG" negated="ON"/></pterm><pterm id="FB3_7"><signal id="UARTReceiverstate1_SPECSIG"/><signal id="UARTReceiverstate0_SPECSIG" negated="ON"/><signal id="UARTReceiverbitCounter0_SPECSIG" negated="ON"/><signal id="UARTReceiverbitCounter2_SPECSIG"/></pterm><pterm id="FB3_8"><signal id="UARTReceiverstate1_SPECSIG"/><signal id="UARTReceiverstate0_SPECSIG" negated="ON"/><signal id="UARTReceiverbitCounter1_SPECSIG" negated="ON"/><signal id="UARTReceiverbitCounter2_SPECSIG"/></pterm><pterm id="FB3_9"><signal id="UARTReceiverstate1_SPECSIG"/><signal id="UARTReceiverstate0_SPECSIG" negated="ON"/><signal id="UARTReceiverbitCounter0_SPECSIG"/><signal id="N_PZ_86"/><signal id="UARTReceiverbitCounter1_SPECSIG"/><signal id="UARTReceiverbitCounter2_SPECSIG" negated="ON"/></pterm><pterm id="FB3_10"><signal id="UARTReceiverstate1_SPECSIG"/><signal id="UARTReceiverstate0_SPECSIG" negated="ON"/><signal id="N_PZ_86" negated="ON"/><signal id="UARTReceiverbitCounter2_SPECSIG"/></pterm><pterm id="FB3_11"><signal id="UARTReceiverstate1_SPECSIG"/><signal id="UARTReceiverstate0_SPECSIG" negated="ON"/><signal id="UARTReceiverbitCounter0_SPECSIG" negated="ON"/><signal id="UARTReceiverbitCounter1_SPECSIG"/></pterm><pterm id="FB3_12"><signal id="UARTReceiverstate1_SPECSIG"/><signal id="UARTReceiverstate0_SPECSIG" negated="ON"/><signal id="UARTReceiverbitCounter0_SPECSIG"/><signal id="N_PZ_86"/><signal id="UARTReceiverbitCounter1_SPECSIG" negated="ON"/></pterm><pterm id="FB3_13"><signal id="UARTReceiverstate1_SPECSIG"/><signal id="UARTReceiverstate0_SPECSIG"/><signal id="N_PZ_86"/></pterm><pterm id="FB3_14"><signal id="UARTReceiverstate1_SPECSIG"/><signal id="UARTReceiverstate0_SPECSIG" negated="ON"/><signal id="N_PZ_86" negated="ON"/><signal id="UARTReceiverbitCounter1_SPECSIG"/></pterm><pterm id="FB3_15"><signal id="UARTReceiverstate1_SPECSIG"/><signal id="UARTReceiverstate0_SPECSIG" negated="ON"/><signal id="UARTReceiverbitCounter0_SPECSIG" negated="ON"/><signal id="N_PZ_86"/></pterm><pterm id="FB3_16"><signal id="UARTReceiverstate1_SPECSIG"/><signal id="UARTReceiverstate0_SPECSIG"/><signal id="N_PZ_86"/></pterm><pterm id="FB3_17"><signal id="UARTReceiverstate1_SPECSIG"/><signal id="UARTReceiverstate0_SPECSIG" negated="ON"/><signal id="UARTReceiverbitCounter0_SPECSIG"/><signal id="N_PZ_86" negated="ON"/></pterm><pterm id="FB3_18"><signal id="UARTReceiverbitCounter0_SPECSIG" negated="ON"/><signal id="N_PZ_86"/><signal id="UARTReceiverbitCounter1_SPECSIG"/><signal id="UARTReceiverbitCounter2_SPECSIG"/></pterm><pterm id="FB3_19"><signal id="UARTReceiverbitCounter0_SPECSIG"/><signal id="N_PZ_86" negated="ON"/><signal id="UARTReceiverbitCounter1_SPECSIG"/><signal id="UARTReceiverbitCounter2_SPECSIG"/></pterm><pterm id="FB3_20"><signal id="UARTReceiverbitsReceived5_SPECSIG"/></pterm><pterm id="FB3_21"><signal id="UARTReceiverbitsReceived6_SPECSIG"/></pterm><pterm id="FB3_22"><signal id="N_PZ_115"/></pterm><pterm id="FB3_23"><signal id="UARTReceiverbitsReceived7_SPECSIG"/></pterm><pterm id="FB3_24"><signal id="UARTReceiverbitsReceived0_SPECSIG"/></pterm><pterm id="FB3_25"><signal id="UARTReceiverstate1_SPECSIG"/><signal id="UARTReceiverstate0_SPECSIG"/><signal id="N_PZ_86"/></pterm><pterm id="FB3_26"><signal id="UARTReceiverbitsReceived1_SPECSIG"/></pterm><pterm id="FB3_27"><signal id="UARTReceiverbitsReceived2_SPECSIG"/></pterm><pterm id="FB3_28"><signal id="N_PZ_115"/></pterm><pterm id="FB3_29"><signal id="UARTReceiverbitsReceived3_SPECSIG"/></pterm><pterm id="FB3_30"><signal id="UARTReceiverbitsReceived4_SPECSIG"/></pterm><pterm id="FB3_31"><signal id="N_PZ_115"/></pterm><pterm id="FB3_34"><signal id="UARTReceiverbitsReceived7_SPECSIG" negated="ON"/></pterm><pterm id="FB3_37"><signal id="UARTReceiverstate1_SPECSIG"/><signal id="UARTReceiverstate0_SPECSIG"/><signal id="N_PZ_86"/></pterm><pterm id="FB3_40"><signal id="UARTReceiverstate1_SPECSIG"/><signal id="UARTReceiverstate0_SPECSIG"/><signal id="N_PZ_86"/></pterm><pterm id="FB3_43"><signal id="UARTReceiverstate1_SPECSIG"/><signal id="UARTReceiverstate0_SPECSIG"/><signal id="N_PZ_86"/></pterm><pterm id="FB3_46"><signal id="UARTReceiverbitsReceived6_SPECSIG" negated="ON"/></pterm><pterm id="FB3_49"><signal id="UARTReceiverstate1_SPECSIG"/><signal id="UARTReceiverstate0_SPECSIG"/><signal id="N_PZ_86"/></pterm><pterm id="FB3_52"><signal id="UARTReceiverstate1_SPECSIG"/><signal id="UARTReceiverstate0_SPECSIG"/><signal id="N_PZ_86"/></pterm><pterm id="FB3_55"><signal id="UARTReceiverbitsReceived5_SPECSIG" negated="ON"/></pterm></PAL><bct id="FB3_bct4" use="CTC"><eq_pterm ptindx="FB3_4"/></bct><equation id="received4_SPECSIG" regUse="LATCH"><d2><eq_pterm ptindx="FB3_30"/></d2><clk><eq_pterm ptindx="FB3_13"/></clk><prld ptindx="GND"/></equation><equation id="received3_SPECSIG" regUse="LATCH"><d2><eq_pterm ptindx="FB3_29"/></d2><clk><eq_pterm ptindx="FB3_13"/></clk><prld ptindx="GND"/></equation><equation id="UARTReceivercount_cmp_eq0000_SPECSIG"><d2><eq_pterm ptindx="FB3_19"/><eq_pterm ptindx="FB3_18"/></d2></equation><equation id="UARTReceiverbitCounter0_SPECSIG" regUse="LATCH"><d2><eq_pterm ptindx="FB3_17"/><eq_pterm ptindx="FB3_15"/></d2><clk><eq_pterm ptindx="FB3_22"/></clk><prld ptindx="GND"/></equation><equation id="received2_SPECSIG" regUse="LATCH"><d2><eq_pterm ptindx="FB3_27"/></d2><clk><eq_pterm ptindx="FB3_13"/></clk><prld ptindx="GND"/></equation><equation id="UARTReceiverbitCounter1_SPECSIG" regUse="LATCH"><d2><eq_pterm ptindx="FB3_11"/><eq_pterm ptindx="FB3_14"/><eq_pterm ptindx="FB3_12"/></d2><clk><eq_pterm ptindx="FB3_22"/></clk><prld ptindx="GND"/></equation><equation id="UARTReceiverbitCounter2_SPECSIG" regUse="LATCH"><d2><eq_pterm ptindx="FB3_7"/><eq_pterm ptindx="FB3_10"/><eq_pterm ptindx="FB3_8"/><eq_pterm ptindx="FB3_9"/></d2><clk><eq_pterm ptindx="FB3_22"/></clk><prld ptindx="GND"/></equation><equation id="UARTReceiverbitsReceived7_SPECSIG" negated="ON" regUse="LATCH"><d1><eq_pterm ptindx="FB3_34"/></d1><d2><eq_pterm ptindx="FB3_6"/><eq_pterm ptindx="FB3_5"/></d2><clk><eq_pterm ptindx="FB3_4"/></clk><prld ptindx="GND"/></equation><equation id="received1_SPECSIG" regUse="LATCH"><d2><eq_pterm ptindx="FB3_26"/></d2><clk><eq_pterm ptindx="FB3_13"/></clk><prld ptindx="GND"/></equation><equation id="received0_SPECSIG" regUse="LATCH"><d2><eq_pterm ptindx="FB3_24"/></d2><clk><eq_pterm ptindx="FB3_13"/></clk><prld ptindx="GND"/></equation><equation id="received7_SPECSIG" regUse="LATCH"><d2><eq_pterm ptindx="FB3_23"/></d2><clk><eq_pterm ptindx="FB3_13"/></clk><prld ptindx="GND"/></equation><equation id="UARTReceiverbitsReceived6_SPECSIG" negated="ON" regUse="LATCH"><d1><eq_pterm ptindx="FB3_46"/></d1><d2><eq_pterm ptindx="FB3_3"/><eq_pterm ptindx="FB3_2"/></d2><clk><eq_pterm ptindx="FB3_4"/></clk><prld ptindx="GND"/></equation><equation id="received6_SPECSIG" regUse="LATCH"><d2><eq_pterm ptindx="FB3_21"/></d2><clk><eq_pterm ptindx="FB3_13"/></clk><prld ptindx="GND"/></equation><equation id="received5_SPECSIG" regUse="LATCH"><d2><eq_pterm ptindx="FB3_20"/></d2><clk><eq_pterm ptindx="FB3_13"/></clk><prld ptindx="GND"/></equation><equation id="UARTReceiverbitsReceived5_SPECSIG" negated="ON" regUse="LATCH"><d1><eq_pterm ptindx="FB3_55"/></d1><d2><eq_pterm ptindx="FB3_1"/><eq_pterm ptindx="FB3_0"/></d2><clk><eq_pterm ptindx="FB3_4"/></clk><prld ptindx="GND"/></equation></fblock><fblock id="FB4" pinUse="1"><macrocell id="FB4_MC1" pin="FB4_MC1_PIN5"/><macrocell id="FB4_MC2" pin="FB4_MC2_PIN6"/><macrocell id="FB4_MC3"/><macrocell id="FB4_MC4"/><macrocell id="FB4_MC5"/><macrocell id="FB4_MC6"/><macrocell id="FB4_MC7" pin="FB4_MC7_PIN8"/><macrocell id="FB4_MC8"/><macrocell id="FB4_MC9"/><macrocell id="FB4_MC10"/><macrocell id="FB4_MC11" pin="FB4_MC11_PIN12"/><macrocell id="FB4_MC12"/><macrocell id="FB4_MC13" pin="FB4_MC13_PIN13"/><macrocell id="FB4_MC14" pin="FB4_MC14_PIN14"/><macrocell id="FB4_MC15" pin="FB4_MC15_PIN16"/><macrocell id="FB4_MC16"/><PAL/></fblock><vcc/><gnd/><messages><warning>Cpld - Unable to retrieve the path to the iSE Project Repository. Will   use the default filename of 'TopLevel.ise'.INFO:Cpld - Inferring BUFG constraint for signal 'Clock' based upon the LOC   constraint 'P44'. It is recommended that you declare this BUFG explicitedly   in your design. Note that for certain device families the output of a BUFG   constraint can not drive a gated clock, and the BUFG constraint will be   ignored.</warning><warning>Cpld:1007 - Removing unused input(s) 'Clock'.  The input(s) are unused   after optimization. Please verify functionality via simulation.</warning><warning>Cpld - The signal(s) 'UARTReceiver/bitsReceived_7_cmp_eq0000' are in   combinational feedback loops.   These signals may cause hazards/glitches. Apply the NOREDUCE parameter to the   hazard reduction circuitry.   Timing analysis of paths involving this node may be inaccurate or incomplete.</warning><warning>Cpld - The signal(s) 'UARTReceiver/count_add0000&lt;4&gt;' are in   combinational feedback loops.   These signals may cause hazards/glitches. Apply the NOREDUCE parameter to the   hazard reduction circuitry.   Timing analysis of paths involving this node may be inaccurate or incomplete.</warning><warning>Cpld - The signal(s) 'UARTReceiver/count&lt;3&gt;' are in combinational   feedback loops.   These signals may cause hazards/glitches. Apply the NOREDUCE parameter to the   hazard reduction circuitry.   Timing analysis of paths involving this node may be inaccurate or incomplete.</warning><warning>Cpld - The signal(s) 'UARTReceiver/count&lt;2&gt;' are in combinational   feedback loops.   These signals may cause hazards/glitches. Apply the NOREDUCE parameter to the   hazard reduction circuitry.   Timing analysis of paths involving this node may be inaccurate or incomplete.</warning><warning>Cpld - The signal(s) 'UARTReceiver/count&lt;1&gt;' are in combinational   feedback loops.   These signals may cause hazards/glitches. Apply the NOREDUCE parameter to the   hazard reduction circuitry.   Timing analysis of paths involving this node may be inaccurate or incomplete.</warning><warning>Cpld - The signal(s) 'UARTReceiver/count&lt;0&gt;' are in combinational   feedback loops.   These signals may cause hazards/glitches. Apply the NOREDUCE parameter to the   hazard reduction circuitry.   Timing analysis of paths involving this node may be inaccurate or incomplete.</warning></messages><compOpts blkfanin="38" datagate="ON" exhaust="OFF" gclkopt="ON" gsropt="ON" gtsopt="ON" ignoredg="OFF" ignorets="OFF" inputs="32" inreg="ON" iostd="LVCMOS18" keepio="OFF" loc="ON" mlopt="ON" optimize="DENSITY" part="xc2c64a-5-VQ44" prld="LOW" pterms="28" slew="FAST" terminate="KEEPER" unused="KEEPER" wysiwyg="OFF"/><specSig signal="Display2_SPECSIG" value="Display&lt;2&gt;"/><specSig signal="Display1_SPECSIG" value="Display&lt;1&gt;"/><specSig signal="Display0_SPECSIG" value="Display&lt;0&gt;"/><specSig signal="Display3_SPECSIG" value="Display&lt;3&gt;"/><specSig signal="Display10_SPECSIG" value="Display&lt;10&gt;"/><specSig signal="Display9_SPECSIG" value="Display&lt;9&gt;"/><specSig signal="Display8_SPECSIG" value="Display&lt;8&gt;"/><specSig signal="Display11_SPECSIG" value="Display&lt;11&gt;"/><specSig signal="Display7_SPECSIG" value="Display&lt;7&gt;"/><specSig signal="Display6_SPECSIG" value="Display&lt;6&gt;"/><specSig signal="Display5_SPECSIG" value="Display&lt;5&gt;"/><specSig signal="Display4_SPECSIG" value="Display&lt;4&gt;"/><specSig signal="b_SPECSIG" value="(b)"/><specSig signal="UARTReceiverbitsReceived4_SPECSIG" value="UARTReceiver/bitsReceived&lt;4&gt;"/><specSig signal="Display15_SPECSIG" value="Display&lt;15&gt;"/><specSig signal="Display14_SPECSIG" value="Display&lt;14&gt;"/><specSig signal="Display13_SPECSIG" value="Display&lt;13&gt;"/><specSig signal="Display12_SPECSIG" value="Display&lt;12&gt;"/><specSig signal="received4_SPECSIG" value="received&lt;4&gt;"/><specSig signal="received3_SPECSIG" value="received&lt;3&gt;"/><specSig signal="received2_SPECSIG" value="received&lt;2&gt;"/><specSig signal="received1_SPECSIG" value="received&lt;1&gt;"/><specSig signal="received0_SPECSIG" value="received&lt;0&gt;"/><specSig signal="received7_SPECSIG" value="received&lt;7&gt;"/><specSig signal="received6_SPECSIG" value="received&lt;6&gt;"/><specSig signal="received5_SPECSIG" value="received&lt;5&gt;"/><specSig signal="UARTReceiverstate1_SPECSIG" value="UARTReceiver/state&lt;1&gt;"/><specSig signal="UARTReceiverstate_or000012_SPECSIG" value="UARTReceiver/state_or000012"/><specSig signal="UARTReceivercount_add00004_SPECSIG" value="UARTReceiver/count_add0000&lt;4&gt;"/><specSig signal="UARTReceivercount_add00003_SPECSIG" value="UARTReceiver/count_add0000&lt;3&gt;"/><specSig signal="UARTReceivercount_add00002_SPECSIG" value="UARTReceiver/count_add0000&lt;2&gt;"/><specSig signal="UARTReceivercount_add00001_SPECSIG" value="UARTReceiver/count_add0000&lt;1&gt;"/><specSig signal="UARTReceivercount0_SPECSIG" value="UARTReceiver/count&lt;0&gt;"/><specSig signal="UARTReceiverstate0_SPECSIG" value="UARTReceiver/state&lt;0&gt;"/><specSig signal="UARTReceiverbitsReceived3_SPECSIG" value="UARTReceiver/bitsReceived&lt;3&gt;"/><specSig signal="UARTReceiverbitsReceived2_SPECSIG" value="UARTReceiver/bitsReceived&lt;2&gt;"/><specSig signal="UARTReceiverbitsReceived1_SPECSIG" value="UARTReceiver/bitsReceived&lt;1&gt;"/><specSig signal="UARTReceiverbitsReceived0_SPECSIG" value="UARTReceiver/bitsReceived&lt;0&gt;"/><specSig signal="UARTReceiverbitCounter0_SPECSIG" value="UARTReceiver/bitCounter&lt;0&gt;"/><specSig signal="UARTReceiverbitCounter1_SPECSIG" value="UARTReceiver/bitCounter&lt;1&gt;"/><specSig signal="UARTReceiverbitCounter2_SPECSIG" value="UARTReceiver/bitCounter&lt;2&gt;"/><specSig signal="UARTReceivercount_cmp_eq0000_SPECSIG" value="UARTReceiver/count_cmp_eq0000"/><specSig signal="UARTReceiverbitsReceived7_SPECSIG" value="UARTReceiver/bitsReceived&lt;7&gt;"/><specSig signal="UARTReceiverbitsReceived6_SPECSIG" value="UARTReceiver/bitsReceived&lt;6&gt;"/><specSig signal="UARTReceiverbitsReceived5_SPECSIG" value="UARTReceiver/bitsReceived&lt;5&gt;"/></document>
